subject_id,cohort,age_years,age_group,solver_status,community_growth_rate
CON001,T2D,21.0,21_40,optimal,0.4838914946965209
CON002,T2D,53.0,41_60,optimal,0.3029341344157092
CON003,T2D,61.0,61_70,optimal,0.5656782604565845
CON004,T2D,55.0,41_60,optimal,0.2357857913597296
CON005,T2D,53.0,41_60,optimal,0.5037947340455627
CON006,T2D,52.0,41_60,optimal,0.455036103988642
CON007,T2D,55.0,41_60,optimal,0.4829173748454737
CON008,T2D,56.0,41_60,optimal,0.2832297483826954
CON009,T2D,46.0,41_60,optimal,0.6663204017883223
CON010,T2D,42.0,41_60,optimal,0.5291420696479189
CON011,T2D,49.0,41_60,infeasible,0.0
CON012,T2D,44.0,41_60,optimal,0.3503966111219235
CON013,T2D,48.0,41_60,optimal,0.7820899200679075
CON014,T2D,39.0,21_40,optimal,0.4632194905179887
CON015,T2D,42.0,41_60,optimal,0.7242425056677925
CON016,T2D,28.0,21_40,optimal,0.4860793264790676
CON017,T2D,27.0,21_40,optimal,0.5057112739110254
CON018,T2D,28.0,21_40,optimal,0.5359944078962812
CON019,T2D,48.0,41_60,optimal,0.4454904571712428
CON020,T2D,40.0,21_40,optimal,0.2333200170973162
CON021,T2D,57.0,41_60,optimal,0.5032514831318674
CON022,T2D,53.0,41_60,optimal,0.5422723711026307
CON023,T2D,50.0,41_60,optimal,0.5036216627697837
CON026,T2D,40.0,21_40,optimal,0.362412432425904
CON027,T2D,45.0,41_60,optimal,0.5408562688151174
CON028,T2D,53.0,41_60,optimal,0.5720907608605224
CON029,T2D,54.0,41_60,optimal,0.6271571178928295
CON031,T2D,56.0,41_60,optimal,0.4013594040999965
CON032,T2D,26.0,21_40,infeasible,0.0
CON033,T2D,27.0,21_40,infeasible,0.0
CON034,T2D,27.0,21_40,optimal,0.468218409605609
CON035,T2D,27.0,21_40,optimal,0.5012823628312362
CON036,T2D,29.0,21_40,optimal,0.6509517360980885
CON037,T2D,28.0,21_40,optimal,0.2370254632979535
CON038,T2D,27.0,21_40,optimal,0.4740975122132086
CON039,T2D,53.0,41_60,optimal,0.7817410559582185
CON040,T2D,44.0,41_60,optimal,0.4464813614617562
CON041,T2D,56.0,41_60,infeasible,0.0
CON042,T2D,54.0,41_60,optimal,0.526492428130051
CON043,T2D,41.0,41_60,optimal,0.744012755184366
CON044,T2D,50.0,41_60,optimal,0.5886247197062788
CON045,T2D,54.0,41_60,optimal,0.3292118746292247
CON046,T2D,67.0,61_70,optimal,0.4292075800364437
CON047,T2D,45.0,41_60,optimal,0.2919826113501014
CON048,T2D,52.0,41_60,optimal,0.6888106641304131
CON049,T2D,58.0,41_60,optimal,0.448783413074927
CON050,T2D,60.0,41_60,optimal,0.4180387285601419
CON051,T2D,61.0,61_70,optimal,0.3385478841095731
CON052,T2D,43.0,41_60,infeasible,0.0
CON053,T2D,60.0,41_60,optimal,0.5147047671702201
CON054,T2D,52.0,41_60,optimal,0.2949473212949881
CON055,T2D,56.0,41_60,infeasible,0.0
CON056,T2D,50.0,41_60,optimal,0.5338414206755042
CON057,T2D,41.0,41_60,optimal,0.4872519542958693
CON058,T2D,47.0,41_60,optimal,0.3668833826709572
CON059,T2D,49.0,41_60,optimal,0.4640812142342194
CON060,T2D,44.0,41_60,optimal,0.3271168546498365
CON061,T2D,48.0,41_60,optimal,0.3866426837917923
CON062,T2D,47.0,41_60,optimal,0.4206362631884354
CON063,T2D,35.0,21_40,optimal,0.5311379426483646
CON064,T2D,46.0,41_60,optimal,0.5993003624724962
CON065,T2D,46.0,41_60,optimal,0.3941490317970464
CON066,T2D,45.0,41_60,optimal,0.406503797248015
CON067,T2D,45.0,41_60,optimal,0.4658490431395469
CON068,T2D,41.0,41_60,optimal,0.5048646508271046
CON069,T2D,46.0,41_60,optimal,0.3864215876537254
CON070,T2D,48.0,41_60,optimal,0.1877184454313579
CON071,T2D,64.0,61_70,optimal,0.4472846435194444
CON072,T2D,41.0,41_60,optimal,0.6299011581387873
CON073,T2D,46.0,41_60,infeasible,0.0
CON074,T2D,41.0,41_60,optimal,0.555167992616831
CON075,T2D,34.0,21_40,infeasible,0.0
CON076,T2D,43.0,41_60,optimal,0.5063483497265596
CON077,T2D,41.0,41_60,optimal,0.5935746927348491
CON078,T2D,41.0,41_60,optimal,0.5995522876847056
CON079,T2D,60.0,41_60,infeasible,0.0
CON080,T2D,56.0,41_60,optimal,0.5343754273737288
CON081,T2D,52.0,41_60,optimal,0.3073338258965311
CON082,T2D,53.0,41_60,infeasible,0.0
CON083,T2D,60.0,41_60,infeasible,0.0
CON084,T2D,69.0,61_70,optimal,0.4304813708882676
CON085,T2D,39.0,21_40,optimal,0.7855760405279142
CON086,T2D,67.0,61_70,optimal,0.43525711840356
CON087,T2D,38.0,21_40,optimal,0.4242909785564164
CON088,T2D,56.0,41_60,optimal,0.235517296338228
CON089,T2D,55.0,41_60,optimal,0.4691755360171833
CON090,T2D,47.0,41_60,optimal,0.6427506822027188
CON091,T2D,50.0,41_60,optimal,0.474854015381453
CON092,T2D,70.0,61_70,infeasible,0.0
CON093,T2D,40.0,21_40,optimal,0.5838237517247042
CON095,T2D,54.0,41_60,infeasible,0.0
CON096,T2D,59.0,41_60,optimal,0.4618796621548184
CON097,T2D,57.0,41_60,optimal,0.6016900786618334
CON098,T2D,62.0,61_70,infeasible,0.0
CON099,T2D,55.0,41_60,optimal,0.4348910514935658
CON101,T2D,42.0,41_60,optimal,0.5195941225552085
CON104,T2D,55.0,41_60,optimal,0.4993478190034729
CON105,T2D,52.0,41_60,optimal,0.3175808456047902
CON106,T2D,46.0,41_60,optimal,0.5572277018966701
CON107,T2D,44.0,41_60,optimal,0.5711463087497942
MBE033,SPMP,58.0,41_60,optimal,0.6692862223278363
MBE034,SPMP,56.0,41_60,optimal,0.2022420822822356
MBE035,SPMP,60.0,41_60,optimal,0.4753672369812275
MBE036,SPMP,69.0,61_70,optimal,0.3724993044639831
MBE037,SPMP,59.0,41_60,optimal,0.4761293203853955
MBE038,SPMP,64.0,61_70,optimal,0.5756727037038787
MBE039,SPMP,59.0,41_60,optimal,0.4729836673169644
MBH043,CRE,64.0,61_70,optimal,0.4300884574715252
MBH060,CRE,64.0,61_70,optimal,0.4744693600867068
MBH068,CRE,72.0,71_80,optimal,0.5251699558889995
MBH069,CRE,48.0,41_60,optimal,0.5391177335025672
MBH078,CRE,52.0,41_60,optimal,0.4353099314338368
MBH089,CRE,64.0,61_70,optimal,0.4028121245427818
MBH094,CRE,47.0,41_60,optimal,0.5202425195802552
MBH095,CRE,72.0,71_80,optimal,0.4619643800521952
MBH207,SPMP,68.0,61_70,optimal,0.5555947062613904
MBH208,SPMP,62.0,61_70,optimal,0.5990261838366209
MBM135,SPMP,73.0,71_80,optimal,0.5452770635701903
MBM137,SPMP,57.0,41_60,optimal,0.2226255682135602
MBM139,SPMP,64.0,61_70,optimal,0.2512839635998734
MBS1115,SG90,77.0,71_80,optimal,0.5569049751860993
MBS1116,CRE,48.0,41_60,optimal,0.38953881414371
MBS1123,CRE,52.0,41_60,optimal,0.7253529951814763
MBS1124,CRE,26.0,21_40,optimal,0.5685887943316994
MBS1141,CRE,64.0,61_70,optimal,0.3307904588988209
MBS1150,CRE,48.0,41_60,optimal,0.3987388587779324
MBS1151,CRE,47.0,41_60,optimal,0.5257926743206344
MBS1152,SG90,77.0,71_80,optimal,0.4879226074013645
MBS1159,CRE,52.0,41_60,optimal,0.4270067666662575
MBS1160,CRE,26.0,21_40,optimal,0.4925878859040976
MBS1163,CRE,38.0,21_40,optimal,0.4175535818330195
MBS1168,CRE,66.0,61_70,optimal,0.423317812526305
MBS1169,CRE,69.0,61_70,optimal,0.6575819033282727
MBS1215,SG90,80.0,71_80,infeasible,0.0
MBS1216,SG90,79.0,71_80,optimal,0.7877308190414363
MBS1217,SG90,79.0,71_80,infeasible,0.0
MBS1218,SG90,80.0,71_80,infeasible,0.0
MBS1219,SG90,87.0,81_90,optimal,0.7360705119789775
MBS1220,SG90,80.0,71_80,infeasible,0.0
MBS1222,SG90,78.0,71_80,optimal,0.5409674937671057
MBS1223,SG90,79.0,71_80,optimal,0.7096683673262671
MBS1226,SG90,78.0,71_80,optimal,0.5645617544019153
MBS1227,SG90,79.0,71_80,optimal,0.6748189018150615
MBS1228,SG90,77.0,71_80,optimal,0.4843644635381932
MBS1230,SG90,80.0,71_80,infeasible,0.0
MBS1231,SG90,80.0,71_80,optimal,0.4210176793218649
MBS1232,SG90,88.0,81_90,infeasible,0.0
MBS1233,SG90,84.0,81_90,optimal,0.3461842455658888
MBS1234,SG90,91.0,91_100,optimal,0.4307514521634883
MBS1235,SG90,84.0,81_90,optimal,0.4743375652448507
MBS1236,SG90,87.0,81_90,optimal,0.4802522068721591
MBS1237,SG90,86.0,81_90,optimal,0.4649969588412053
MBS1238,SG90,87.0,81_90,infeasible,0.0
MBS1239,SG90,85.0,81_90,optimal,0.4634757695429342
MBS1240,SG90,91.0,91_100,optimal,0.438164222833584
MBS1242,SG90,90.0,81_90,optimal,0.458607010159248
MBS1243,SG90,89.0,81_90,infeasible,0.0
MBS1247,SG90,86.0,81_90,optimal,0.477976381105156
MBS1248,SG90,91.0,91_100,optimal,0.842318922263258
MBS1249,SG90,89.0,81_90,optimal,0.3995866143681346
MBS1251,SG90,88.0,81_90,optimal,0.4864097432629496
MBS1253,SG90,87.0,81_90,optimal,0.3053636813537048
MBS1254,SG90,89.0,81_90,optimal,0.491029603280018
MBS1255,SG90,86.0,81_90,infeasible,0.0
MBS1256,SG90,92.0,91_100,optimal,0.3376830847837191
MBS1257,SG90,86.0,81_90,infeasible,0.0
MBS1258,SG90,86.0,81_90,optimal,0.3497919555952036
MBS1259,SG90,85.0,81_90,optimal,0.6586777166811717
MBS1260,SG90,96.0,91_100,optimal,0.397652851030391
MBS1261,SG90,87.0,81_90,optimal,0.5517511766855842
MBS1262,SG90,87.0,81_90,infeasible,0.0
MBS1263,SG90,85.0,81_90,optimal,0.4537142820055055
MBS1264,SG90,88.0,81_90,optimal,0.5123037997523302
MBS1433,SG90,88.0,81_90,optimal,0.3693298660832852
MBS1434,SG90,91.0,91_100,optimal,0.3511918296353762
MBS1435,SG90,87.0,81_90,optimal,0.5027966090233001
MBS1436,SG90,89.0,81_90,infeasible,0.0
MBS1438,SG90,86.0,81_90,infeasible,0.0
MBS1439,SG90,87.0,81_90,infeasible,0.0
MBS1440,SG90,87.0,81_90,infeasible,0.0
MBS1441,SG90,93.0,91_100,infeasible,0.0
MBS1442,SG90,93.0,91_100,optimal,0.4866980161560525
MBS1443,SG90,85.0,81_90,infeasible,0.0
MBS1444,SG90,88.0,81_90,optimal,0.5018395059818629
MBS1446,SG90,90.0,81_90,optimal,0.3482079933858379
MBS1447,SG90,89.0,81_90,optimal,0.5561096029205278
MBS1448,SG90,86.0,81_90,infeasible,0.0
MBS1449,SG90,90.0,81_90,optimal,0.3076929930736947
MBS1450,SG90,87.0,81_90,optimal,0.4845665529717961
MBS1451,SG90,89.0,81_90,infeasible,-5.874467742516339e-06
MBS1452,SG90,86.0,81_90,optimal,0.6272648778895474
MBS1453,SG90,89.0,81_90,infeasible,0.0
MBS1454,SG90,85.0,81_90,optimal,0.6167579133297284
MBS1455,SG90,85.0,81_90,optimal,0.3760450397329743
MBS1456,SG90,89.0,81_90,infeasible,0.0
MBS1457,SG90,86.0,81_90,optimal,0.6909063306316434
MBS1458,SG90,94.0,91_100,optimal,0.5064202916133633
MBS1459,SG90,88.0,81_90,optimal,0.4502503322711362
MBS1460,SG90,88.0,81_90,optimal,0.4580909109695294
MBS1461,SG90,87.0,81_90,infeasible,0.0
MBS1464,SG90,85.0,81_90,infeasible,0.0
MBS1465,SG90,85.0,81_90,infeasible,0.0
MBS1467,SG90,92.0,91_100,optimal,0.3639944082831276
MBS1468,SG90,88.0,81_90,optimal,0.7502909760237735
MBS1469,SG90,86.0,81_90,optimal,0.5946615235209267
MBS1470,SG90,90.0,81_90,optimal,0.560821913707189
MBS1471,SG90,86.0,81_90,optimal,0.5540867012313284
MBS1472,SG90,90.0,81_90,optimal,0.5425472180622523
MBS1473,SG90,87.0,81_90,optimal,0.4738152569755059
MBS1474,SG90,87.0,81_90,infeasible,0.0
MBS1475,SG90,89.0,81_90,infeasible,0.0
MBS1477,SG90,88.0,81_90,optimal,0.3549332538147656
MBS1478,SG90,86.0,81_90,optimal,0.275449135771958
MBS1479,SG90,87.0,81_90,optimal,0.5134912819454874
MBS1480,SG90,87.0,81_90,infeasible,0.0
MBS1481,SG90,86.0,81_90,optimal,0.3451706764521686
MBS1482,SG90,87.0,81_90,infeasible,0.0
MBS1483,SG90,90.0,81_90,infeasible,0.0
MBS1484,SG90,93.0,91_100,infeasible,0.0
MBS1485,SG90,89.0,81_90,optimal,0.654442753915698
MBS1486,SG90,85.0,81_90,optimal,0.491402901346584
MBS1487,SG90,93.0,91_100,optimal,0.3410369306678621
MBS1488,SG90,89.0,81_90,optimal,0.6034834418021522
MBS1489,SG90,87.0,81_90,optimal,0.3824906994186056
MBS1490,SG90,94.0,91_100,infeasible,0.0
MBS1491,SG90,88.0,81_90,infeasible,0.0
MBS1492,SG90,85.0,81_90,optimal,0.5825273783108941
MBS1493,SG90,88.0,81_90,infeasible,0.0
MBS1494,SG90,85.0,81_90,infeasible,0.0
MBS1495,SG90,87.0,81_90,optimal,0.5074304287254113
MBS1496,SG90,87.0,81_90,optimal,0.4865843563059541
MBS1497,SG90,87.0,81_90,optimal,0.5639928763303954
MBS1498,SG90,89.0,81_90,optimal,0.275449135771958
MBS1499,SG90,87.0,81_90,optimal,0.2931968607564181
MBS1500,SG90,87.0,81_90,optimal,0.7297590993584813
MBS1501,SG90,88.0,81_90,optimal,0.1251685137189199
MBS1502,SG90,88.0,81_90,optimal,0.3496579378955228
MBS1503,SG90,86.0,81_90,optimal,0.462993092840794
MBS1504,SG90,88.0,81_90,optimal,0.5057472742009022
MBS1505,SG90,86.0,81_90,optimal,0.5704285831137766
MBS1506,SG90,89.0,81_90,optimal,0.2785006157128354
MBS1507,SG90,87.0,81_90,optimal,0.4787839993462895
MBS1508,SG90,91.0,91_100,optimal,0.3891480035910828
MBS1509,SG90,86.0,81_90,optimal,0.3716710489585639
MBS1510,SG90,87.0,81_90,optimal,0.4158409289080649
MBS1511,SG90,96.0,91_100,infeasible,0.0
MBS1513,SG90,86.0,81_90,infeasible,0.0
MBS1514,SG90,88.0,81_90,optimal,0.5462646267342033
MBS1515,SG90,89.0,81_90,optimal,0.3672402769850329
MBS1516,SG90,88.0,81_90,optimal,0.6715282013296123
MBS1517,SG90,90.0,81_90,infeasible,0.0
MBS1518,SG90,87.0,81_90,optimal,0.3815355066587473
MBS1519,SG90,87.0,81_90,optimal,0.4326723868066371
MBS1520,SG90,90.0,81_90,optimal,0.3633482193621291
MBS1521,SG90,89.0,81_90,optimal,0.2660186007891177
MBS1522,SG90,89.0,81_90,optimal,0.5642801719508875
MBS1523,SG90,88.0,81_90,infeasible,0.0
MBS1524,SG90,90.0,81_90,infeasible,0.0
MBS1525,SG90,88.0,81_90,optimal,0.5457824509300491
MBS1526,SG90,88.0,81_90,optimal,0.6650432739294727
MBS1527,SG90,89.0,81_90,optimal,0.5499005224091925
MBS1528,SG90,92.0,91_100,optimal,0.4867639069457071
MBS1529,SG90,89.0,81_90,infeasible,0.0
MBS1530,SG90,88.0,81_90,optimal,0.4931605480681278
MBS1531,SG90,94.0,91_100,optimal,0.3967329717723269
MBS1532,SG90,88.0,81_90,optimal,0.466399848292259
MBS1533,SG90,90.0,81_90,infeasible,0.0
MBS1534,SG90,88.0,81_90,optimal,0.275449135771958
MBS1535,SG90,88.0,81_90,infeasible,0.0
MBS1536,SG90,94.0,91_100,infeasible,0.0
MBS1537,SG90,87.0,81_90,optimal,0.4496145713686563
MBS1538,SG90,86.0,81_90,optimal,0.744833023879041
MBS1539,SG90,86.0,81_90,infeasible,0.0
MBS1540,SG90,91.0,91_100,infeasible,0.0
MBS1541,SG90,91.0,91_100,optimal,0.4527258412222267
MBS1542,SG90,90.0,81_90,infeasible,0.0
MBS1543,SG90,89.0,81_90,optimal,0.5693328621827747
MBS1544,SG90,86.0,81_90,infeasible,0.0
MBS1545,SG90,87.0,81_90,optimal,0.4076551623658002
MBS1546,SG90,87.0,81_90,optimal,0.3180704573181903
MBS1547,SG90,96.0,91_100,optimal,0.4340391674574359
MBS1548,SG90,89.0,81_90,optimal,0.537184046415709
MBS1549,SG90,89.0,81_90,optimal,0.5122720106997104
MBS1550,SG90,89.0,81_90,optimal,0.5237874014033688
MBS1551,SG90,96.0,91_100,infeasible,0.0
MBS1552,SG90,88.0,81_90,infeasible,0.0
MBS1553,SG90,87.0,81_90,infeasible,0.0
MBS1554,SG90,91.0,91_100,optimal,0.3761399313316229
MBS1555,SG90,95.0,91_100,optimal,0.4351578201891863
MBS1556,SG90,91.0,91_100,infeasible,0.0
MBS1557,SG90,90.0,81_90,optimal,0.5432840188399286
MBS1558,SG90,90.0,81_90,infeasible,0.0
MBS1559,SG90,93.0,91_100,optimal,0.4098784219333411
MBS1560,SG90,89.0,81_90,optimal,0.3630393060285076
MBS1561,SG90,89.0,81_90,infeasible,0.0
MBS1562,SG90,87.0,81_90,optimal,0.647734830704453
MBS1563,SG90,87.0,81_90,optimal,0.4571701354048836
MBS1564,SG90,86.0,81_90,optimal,0.5639071092931139
MBS1565,SG90,86.0,81_90,infeasible,0.0
MBS1566,SG90,89.0,81_90,infeasible,0.0
MBS1567,SG90,89.0,81_90,optimal,0.4462176309952456
MBS1568,SG90,89.0,81_90,optimal,0.3896753684492889
MBS1570,SG90,83.0,81_90,optimal,0.5845031106349965
MBS1571,SG90,83.0,81_90,optimal,0.3677128474077522
MBS1572,SG90,82.0,81_90,infeasible,0.0
MBS1573,SG90,80.0,71_80,optimal,0.5107413988496109
MBS1574,SG90,85.0,81_90,infeasible,0.0
MBS1575,SG90,83.0,81_90,optimal,0.4824746180786475
MBS1576,SG90,80.0,71_80,infeasible,0.0
MBS1577,SG90,81.0,81_90,infeasible,0.0
MBS1578,SG90,82.0,81_90,infeasible,0.0
MBS1579,SG90,81.0,81_90,optimal,0.6996289137236035
MBS1580,SG90,83.0,81_90,infeasible,0.0
MBS1582,SG90,83.0,81_90,optimal,0.4533490999450447
MBS1583,SG90,83.0,81_90,optimal,0.5627817777494597
MBS1584,SG90,79.0,71_80,optimal,0.622687184460924
MBS1585,SG90,80.0,71_80,optimal,0.7937079637893317
MBS1586,SG90,82.0,81_90,optimal,0.44795659402644
MBS1587,SG90,83.0,81_90,optimal,0.7929075311370116
MBS1588,SG90,81.0,81_90,optimal,0.6155601256966099
MBS1589,SG90,83.0,81_90,optimal,0.7215018276246231
MBS1590,SG90,89.0,81_90,optimal,0.4851860652029727
MBS1591,SG90,81.0,81_90,infeasible,0.0
MBS1592,SG90,81.0,81_90,optimal,0.5084519205623099
MBS1593,SG90,83.0,81_90,optimal,0.5238314588301459
MBS1594,SG90,83.0,81_90,infeasible,0.0
MBS1595,SG90,82.0,81_90,optimal,0.2446124209997921
MBS1596,SG90,81.0,81_90,optimal,0.5155818518088444
MBS1598,SG90,79.0,71_80,infeasible,0.0
MBS1599,SG90,83.0,81_90,optimal,0.4580187252593349
MBS1600,SG90,83.0,81_90,infeasible,0.0
MBS1601,SG90,82.0,81_90,optimal,0.3718121257553298
MBS1602,SG90,82.0,81_90,optimal,0.3852350428606069
MBS1603,SG90,81.0,81_90,optimal,0.7086794585417542
MBS1604,SG90,83.0,81_90,optimal,0.3263411323845631
MBS1605,SG90,83.0,81_90,optimal,0.5226168734133498
MBS1606,SG90,83.0,81_90,optimal,0.3452317663109813
MBS1608,SG90,84.0,81_90,infeasible,0.0
MBS1609,SG90,80.0,71_80,optimal,0.312241623113013
MBS1610,SG90,83.0,81_90,optimal,0.4873457889692048
MBS1611,SG90,82.0,81_90,optimal,0.5406063665171771
MBS1612,SG90,81.0,81_90,optimal,0.4671003002986331
MBS1613,SG90,81.0,81_90,infeasible,0.0
MBS1614,SG90,81.0,81_90,infeasible,0.0
MBS1615,SG90,81.0,81_90,infeasible,0.0
MBS1616,SG90,84.0,81_90,infeasible,0.0
MHH256,CRE,66.0,61_70,optimal,0.5037529532131978
MHH257,CRE,38.0,21_40,optimal,0.4449976606278271
MHH260,CRE,77.0,71_80,optimal,0.5278260976923049
MHH263,CRE,66.0,61_70,optimal,0.5406702519394252
MHH264,CRE,69.0,61_70,optimal,0.5053186957822869
MHH265,CRE,52.0,41_60,optimal,0.1937122246784616
MHH266,CRE,26.0,21_40,optimal,0.5961032214966949
MHH336,CRE,64.0,61_70,optimal,0.4391220305057619
MHH344,CRE,77.0,71_80,optimal,0.4848021026630427
MHH346,CRE,72.0,71_80,optimal,0.5028146748402833
MHH347,CRE,48.0,41_60,optimal,0.3664279104325048
MHH348,CRE,47.0,41_60,optimal,0.5151143867656396
MHH351,CRE,66.0,61_70,optimal,0.5188152248323966
MHH352,CRE,69.0,61_70,optimal,0.5568229893992872
MHH356,CRE,52.0,41_60,optimal,0.4295680970152125
MHH357,CRE,26.0,21_40,optimal,0.7144109283579536
MHH358,CRE,66.0,61_70,optimal,0.4258574979459169
MHH359,CRE,38.0,21_40,optimal,0.5280881082397438
MHH366,CRE,64.0,61_70,optimal,0.4326049868453335
MHH370,CRE,72.0,71_80,optimal,0.5345231744740887
MHH372,CRE,48.0,41_60,optimal,0.3905665436798098
MHH373,CRE,77.0,71_80,optimal,0.4830233702385711
MHH374,CRE,47.0,41_60,optimal,0.4961957052068165
MHH375,CRE,38.0,21_40,optimal,0.5000822734704876
MHH376,CRE,66.0,61_70,optimal,0.4185171199050541
MHH380,CRE,52.0,41_60,optimal,0.4220980326865463
MHH381,CRE,26.0,21_40,optimal,0.428879162948637
MHH383,CRE,66.0,61_70,optimal,0.393761681514782
MHH384,CRE,69.0,61_70,infeasible,0.0
MHH392,CRE,77.0,71_80,optimal,0.5092272674213532
MHH393,CRE,52.0,41_60,optimal,0.552835862608399
MHH394,CRE,26.0,21_40,optimal,0.5005365003204857
MHH395,CRE,66.0,61_70,optimal,0.3950688884300585
MHH396,CRE,38.0,21_40,optimal,0.4713043875351024
MHH552,CRE,64.0,61_70,optimal,0.1056280497182805
MHH553,CRE,66.0,61_70,optimal,0.4891458371463199
MHH554,CRE,69.0,61_70,infeasible,0.0
MHH563,CRE,72.0,71_80,optimal,0.6546226057058766
MHH564,CRE,48.0,41_60,optimal,0.4485226539339665
MHH565,CRE,47.0,41_60,infeasible,0.0
MHH573,CRE,66.0,61_70,optimal,0.4223287852904371
MHH574,CRE,38.0,21_40,optimal,0.6039497826367686
MHH589,CRE,66.0,61_70,optimal,0.3305702801917685
MHH590,CRE,69.0,61_70,optimal,0.5543548917786437
MHH594,CRE,59.0,41_60,optimal,0.5545663545379711
MHH595,CRE,28.0,21_40,optimal,0.5015600320461452
MHH596,CRE,77.0,71_80,optimal,0.4932509176313285
MHH597,CRE,52.0,41_60,optimal,0.5463467161170253
MHH607,CRE,26.0,21_40,infeasible,0.0
MHH616,CRE,64.0,61_70,optimal,0.4932851318766235
MHH622,CRE,66.0,61_70,optimal,0.2491408418248411
MHH623,CRE,38.0,21_40,optimal,0.5546830208520107
MHH624,CRE,66.0,61_70,optimal,0.2939387046485706
MHS119,CRE,59.0,41_60,infeasible,0.0
MHS120,CRE,28.0,21_40,optimal,0.5455936638711086
MHS124,CRE,69.0,61_70,optimal,0.6449544522012095
MHS136,CRE,77.0,71_80,optimal,0.5383775594554744
MHS137,CRE,59.0,41_60,optimal,0.6291680212523524
MHS138,CRE,28.0,21_40,infeasible,0.0
MHS141,CRE,52.0,41_60,optimal,0.4969027067642804
MHS142,CRE,26.0,21_40,optimal,0.4447266316503175
MHS226,SPMP,56.0,41_60,optimal,0.3772065377255849
MHS229,SPMP,57.0,41_60,optimal,0.529716710749869
MHS231,SPMP,59.0,41_60,optimal,0.5006465672714796
MHS232,SPMP,65.0,61_70,optimal,0.5551954615036876
MHS234,SPMP,53.0,41_60,optimal,0.2295883594860367
MHS235,SPMP,60.0,41_60,infeasible,0.0
MHS236,SPMP,58.0,41_60,optimal,0.5253378274193656
MHS238,SPMP,60.0,41_60,optimal,0.3130354469992568
MHS239,SPMP,63.0,61_70,optimal,0.230080324084057
MHS240,SPMP,62.0,61_70,optimal,0.4859636753765652
MHS243,SPMP,63.0,61_70,optimal,0.4282512535127528
MHS244,SPMP,67.0,61_70,optimal,0.4329163289789339
MHS246,SPMP,61.0,61_70,optimal,0.2325624504859333
MHS247,SPMP,63.0,61_70,optimal,0.5042578764809775
MHS248,SPMP,67.0,61_70,optimal,0.4307469582063722
MHS249,SPMP,58.0,41_60,optimal,0.4961433950594184
MHS250,SPMP,60.0,41_60,optimal,0.5621652375503532
MHS251,SPMP,62.0,61_70,optimal,0.433282970063715
MHS253,SPMP,61.0,61_70,optimal,0.266021799998847
MHS255,SPMP,58.0,41_60,optimal,0.5585866298633559
MHS257,SPMP,60.0,41_60,optimal,0.3594439724810085
MHS258,SPMP,55.0,41_60,optimal,0.4295517636423898
MHS259,SPMP,60.0,41_60,optimal,0.4973578956732404
MHS266,SPMP,55.0,41_60,optimal,0.4151681382125285
MHS267,SPMP,53.0,41_60,optimal,0.2016735283939969
MHS269,SPMP,62.0,61_70,optimal,0.4344562387840169
MHS276,SPMP,61.0,61_70,infeasible,0.0
MHS277,SPMP,61.0,61_70,optimal,0.5375719819355684
MHS279,SPMP,60.0,41_60,optimal,0.5603924576060564
MHS282,SPMP,67.0,61_70,optimal,0.1365197546473791
MHS283,SPMP,74.0,71_80,optimal,0.5553398330023006
MHS285,SPMP,54.0,41_60,optimal,0.2298211400400443
MHS286,SPMP,60.0,41_60,optimal,0.5166133159574655
MHS287,SPMP,59.0,41_60,infeasible,0.0
MHS288,SPMP,60.0,41_60,optimal,0.4350675961477987
MHS289,SPMP,56.0,41_60,infeasible,0.0
NLF001,T2D,31.0,21_40,optimal,0.2285598422840108
NLF002,T2D,34.0,21_40,optimal,0.443235574133341
NLF005,T2D,44.0,41_60,optimal,0.5508668852745945
NLF006,T2D,27.0,21_40,optimal,0.4421656720556232
NLF007,T2D,39.0,21_40,optimal,0.2787594164248603
NLF008,T2D,26.0,21_40,optimal,0.5914724356739478
NLF009,T2D,27.0,21_40,optimal,0.4756270780689778
NLF010,T2D,35.0,21_40,optimal,0.4995083158313675
NLF011,T2D,25.0,21_40,optimal,0.2328084009748048
NLF012,T2D,27.0,21_40,optimal,0.465474261434936
NLF013,T2D,32.0,21_40,optimal,0.4640126499715845
NLF014,T2D,37.0,21_40,optimal,0.613937160949821
NLF015,T2D,59.0,41_60,optimal,0.4388053436899976
NLM001,T2D,32.0,21_40,optimal,0.607896865712587
NLM002,T2D,23.0,21_40,optimal,0.3968909564214792
NLM003,T2D,23.0,21_40,infeasible,0.0
NLM004,T2D,24.0,21_40,optimal,0.2295865761357374
NLM005,T2D,42.0,41_60,optimal,0.4435946448988565
NLM006,T2D,24.0,21_40,optimal,0.6706410445237998
NLM007,T2D,22.0,21_40,optimal,0.4238461279956383
NLM008,T2D,22.0,21_40,optimal,0.5392876173448506
NLM009,T2D,24.0,21_40,optimal,0.4255129209390908
NLM010,T2D,23.0,21_40,optimal,0.5184407917219733
NLM015,T2D,23.0,21_40,optimal,0.5649749160050839
NLM016,T2D,23.0,21_40,optimal,0.6025007693917624
NLM017,T2D,23.0,21_40,optimal,0.2863615670680374
NLM021,T2D,25.0,21_40,optimal,0.4712605816776299
NLM022,T2D,29.0,21_40,optimal,0.6181440769877138
NLM023,T2D,38.0,21_40,optimal,0.5245039201464837
NLM024,T2D,23.0,21_40,optimal,0.5353897658149308
NLM026,T2D,24.0,21_40,infeasible,0.0
NLM027,T2D,22.0,21_40,optimal,0.4136950447597325
NLM028,T2D,21.0,21_40,optimal,0.4718284422972649
NLM029,T2D,25.0,21_40,optimal,0.3590191885381719
NLM031,T2D,33.0,21_40,optimal,0.4690324470595864
NLM032,T2D,39.0,21_40,optimal,0.4494324203254979
NOF001,T2D,45.0,41_60,optimal,0.5885124636095207
NOF002,T2D,51.0,41_60,optimal,0.4866729814975539
NOF004,T2D,33.0,21_40,infeasible,0.0
NOF005,T2D,32.0,21_40,optimal,0.4906734738830191
NOF006,T2D,35.0,21_40,optimal,0.5534724757722297
NOF007,T2D,32.0,21_40,optimal,0.4738251770985809
NOF008,T2D,30.0,21_40,infeasible,0.0
NOF009,T2D,26.0,21_40,optimal,0.4912279734314496
NOF010,T2D,40.0,21_40,infeasible,0.0
NOF011,T2D,30.0,21_40,optimal,0.4381184071548177
NOF012,T2D,38.0,21_40,infeasible,0.0
NOF013,T2D,41.0,41_60,optimal,0.4115194251151551
NOF014,T2D,42.0,41_60,optimal,0.3184775242427437
NOM001,T2D,48.0,41_60,optimal,0.2297653581141681
NOM002,T2D,68.0,61_70,optimal,0.5675041074518697
NOM004,T2D,32.0,21_40,optimal,0.4081496976987204
NOM005,T2D,46.0,41_60,optimal,0.6285924478212194
NOM008,T2D,54.0,41_60,optimal,0.4754236048898561
NOM009,T2D,33.0,21_40,optimal,0.4202829520933824
NOM010,T2D,30.0,21_40,optimal,0.4540952064452747
NOM012,T2D,32.0,21_40,optimal,0.3251162851263876
NOM013,T2D,42.0,41_60,infeasible,0.0
NOM014,T2D,41.0,41_60,optimal,0.3905525898085886
NOM015,T2D,32.0,21_40,optimal,0.5087141616840081
NOM016,T2D,37.0,21_40,optimal,0.363783611275479
NOM017,T2D,39.0,21_40,optimal,0.257941822211003
NOM018,T2D,43.0,41_60,optimal,0.4630443916636625
NOM019,T2D,26.0,21_40,optimal,0.4996380709439131
NOM020,T2D,24.0,21_40,optimal,0.7445014736358441
NOM022,T2D,23.0,21_40,infeasible,0.0
NOM023,T2D,46.0,41_60,optimal,0.602886410887787
NOM025,T2D,28.0,21_40,optimal,0.5312614512989123
NOM026,T2D,52.0,41_60,optimal,0.7397206720234475
NOM027,T2D,38.0,21_40,optimal,0.4200104056935363
NOM028,T2D,47.0,41_60,optimal,0.3631617785656214
WFC023,SPMP,61.0,61_70,optimal,0.2755255788488885
WFC024,SPMP,57.0,41_60,optimal,0.3807038486786131
